AirTemp,ONE_DAY_PRECIPITATION,time,MIN_TEMP,MAX_TEMP,week_of_year
5.8, 8.0,2023-11-19 00:00:00, -0.2, 5.9,47
5.8, None,2023-11-19 00:15:00, None, None,47
5.6, None,2023-11-19 00:30:00, None, None,47
5.7, None,2023-11-19 00:45:00, None, None,47
5.6, None,2023-11-19 01:00:00, None, None,47
5.9, None,2023-11-19 01:15:00, None, None,47
5.7, None,2023-11-19 01:30:00, None, None,47
5.7, None,2023-11-19 01:45:00, None, None,47
5.5, None,2023-11-19 02:00:00, None, None,47
5.2, None,2023-11-19 02:15:00, None, None,47
5.1, None,2023-11-19 02:30:00, None, None,47
5.0, None,2023-11-19 02:45:00, None, None,47
5.0, None,2023-11-19 03:00:00, None, None,47
5.0, None,2023-11-19 03:15:00, None, None,47
4.9, None,2023-11-19 03:30:00, None, None,47
4.8, None,2023-11-19 03:45:00, None, None,47
4.6, None,2023-11-19 04:00:00, None, None,47
4.5, None,2023-11-19 04:15:00, None, None,47
4.6, None,2023-11-19 04:30:00, None, None,47
4.6, None,2023-11-19 04:45:00, None, None,47
4.6, None,2023-11-19 05:00:00, None, None,47
4.7, None,2023-11-19 05:15:00, None, None,47
4.8, None,2023-11-19 05:30:00, None, None,47
4.6, None,2023-11-19 05:45:00, None, None,47
4.3, None,2023-11-19 06:00:00, None, None,47
4.0, None,2023-11-19 06:15:00, None, None,47
3.9, None,2023-11-19 06:30:00, None, None,47
3.8, None,2023-11-19 06:45:00, None, None,47
3.7, None,2023-11-19 07:00:00, None, None,47
3.6, None,2023-11-19 07:15:00, None, None,47
3.4, None,2023-11-19 07:30:00, None, None,47
3.2, None,2023-11-19 07:45:00, None, None,47
3.0, None,2023-11-19 08:00:00, None, None,47
2.9, None,2023-11-19 08:15:00, None, None,47
2.7, None,2023-11-19 08:30:00, None, None,47
3.2, None,2023-11-19 08:45:00, None, None,47
3.3, None,2023-11-19 09:00:00, None, None,47
3.4, None,2023-11-19 09:15:00, None, None,47
3.5, None,2023-11-19 09:30:00, None, None,47
3.9, None,2023-11-19 09:45:00, None, None,47
3.7, None,2023-11-19 10:00:00, None, None,47
4.6, None,2023-11-19 10:15:00, None, None,47
4.3, None,2023-11-19 10:30:00, None, None,47
4.9, None,2023-11-19 10:45:00, None, None,47
4.9, None,2023-11-19 11:00:00, None, None,47
4.8, None,2023-11-19 11:15:00, None, None,47
4.4, None,2023-11-19 11:30:00, None, None,47
4.3, None,2023-11-19 11:45:00, None, None,47
4.5, None,2023-11-19 12:00:00, None, None,47
4.4, None,2023-11-19 12:15:00, None, None,47
4.1, None,2023-11-19 12:30:00, None, None,47
4.4, None,2023-11-19 12:45:00, None, None,47
4.6, None,2023-11-19 13:00:00, None, None,47
4.7, None,2023-11-19 13:15:00, None, None,47
4.6, None,2023-11-19 13:30:00, None, None,47
4.1, None,2023-11-19 13:45:00, None, None,47
4.0, None,2023-11-19 14:00:00, None, None,47
4.3, None,2023-11-19 14:15:00, None, None,47
4.9, None,2023-11-19 14:30:00, None, None,47
4.4, None,2023-11-19 14:45:00, None, None,47
4.7, None,2023-11-19 15:00:00, None, None,47
4.5, None,2023-11-19 15:15:00, None, None,47
4.0, None,2023-11-19 15:30:00, None, None,47
3.8, None,2023-11-19 15:45:00, None, None,47
3.7, None,2023-11-19 16:00:00, None, None,47
3.2, None,2023-11-19 16:15:00, None, None,47
2.7, None,2023-11-19 16:30:00, None, None,47
2.5, None,2023-11-19 16:45:00, None, None,47
2.2, None,2023-11-19 17:00:00, None, None,47
2.0, None,2023-11-19 17:15:00, None, None,47
1.8, None,2023-11-19 17:30:00, None, None,47
1.8, None,2023-11-19 17:45:00, None, None,47
1.6, None,2023-11-19 18:00:00, None, None,47
1.4, None,2023-11-19 18:15:00, None, None,47
1.1, None,2023-11-19 18:30:00, None, None,47
1.0, None,2023-11-19 18:45:00, None, None,47
0.7, None,2023-11-19 19:00:00, None, None,47
0.6, None,2023-11-19 19:15:00, None, None,47
0.3, None,2023-11-19 19:30:00, None, None,47
0.0, None,2023-11-19 19:45:00, None, None,47
0.1, None,2023-11-19 20:00:00, None, None,47
-0.1, None,2023-11-19 20:15:00, None, None,47
-0.2, None,2023-11-19 20:30:00, None, None,47
-0.1, None,2023-11-19 20:45:00, None, None,47
0.0, None,2023-11-19 21:00:00, None, None,47
0.0, None,2023-11-19 21:15:00, None, None,47
0.1, None,2023-11-19 21:30:00, None, None,47
0.2, None,2023-11-19 21:45:00, None, None,47
0.2, None,2023-11-19 22:00:00, None, None,47
0.3, None,2023-11-19 22:15:00, None, None,47
0.4, None,2023-11-19 22:30:00, None, None,47
0.5, None,2023-11-19 22:45:00, None, None,47
0.7, None,2023-11-19 23:00:00, None, None,47
0.8, None,2023-11-19 23:15:00, None, None,47
0.8, None,2023-11-19 23:30:00, None, None,47
0.9, None,2023-11-19 23:45:00, None, None,47
0.9, 4.1,2023-11-20 00:00:00, -0.9, 4.5,47
0.7, None,2023-11-20 00:15:00, None, None,47
0.8, None,2023-11-20 00:30:00, None, None,47
0.8, None,2023-11-20 00:45:00, None, None,47
0.7, None,2023-11-20 01:00:00, None, None,47
0.6, None,2023-11-20 01:15:00, None, None,47
0.4, None,2023-11-20 01:30:00, None, None,47
0.1, None,2023-11-20 01:45:00, None, None,47
-0.2, None,2023-11-20 02:00:00, None, None,47
-0.1, None,2023-11-20 02:15:00, None, None,47
-0.1, None,2023-11-20 02:30:00, None, None,47
-0.2, None,2023-11-20 02:45:00, None, None,47
-0.4, None,2023-11-20 03:00:00, None, None,47
-0.4, None,2023-11-20 03:15:00, None, None,47
-0.4, None,2023-11-20 03:30:00, None, None,47
-0.5, None,2023-11-20 03:45:00, None, None,47
-0.4, None,2023-11-20 04:00:00, None, None,47
-0.6, None,2023-11-20 04:15:00, None, None,47
-0.8, None,2023-11-20 04:30:00, None, None,47
-0.9, None,2023-11-20 04:45:00, None, None,47
-0.9, None,2023-11-20 05:00:00, None, None,47
-0.9, None,2023-11-20 05:15:00, None, None,47
-0.7, None,2023-11-20 05:30:00, None, None,47
-0.6, None,2023-11-20 05:45:00, None, None,47
-0.5, None,2023-11-20 06:00:00, None, None,47
-0.4, None,2023-11-20 06:15:00, None, None,47
-0.6, None,2023-11-20 06:30:00, None, None,47
-0.9, None,2023-11-20 06:45:00, None, None,47
-0.8, None,2023-11-20 07:00:00, None, None,47
-0.6, None,2023-11-20 07:15:00, None, None,47
-0.5, None,2023-11-20 07:30:00, None, None,47
-0.5, None,2023-11-20 07:45:00, None, None,47
-0.4, None,2023-11-20 08:00:00, None, None,47
-0.5, None,2023-11-20 08:15:00, None, None,47
-0.4, None,2023-11-20 08:30:00, None, None,47
-0.2, None,2023-11-20 08:45:00, None, None,47
0.1, None,2023-11-20 09:00:00, None, None,47
0.3, None,2023-11-20 09:15:00, None, None,47
1.5, None,2023-11-20 09:30:00, None, None,47
1.9, None,2023-11-20 09:45:00, None, None,47
2.2, None,2023-11-20 10:00:00, None, None,47
2.4, None,2023-11-20 10:15:00, None, None,47
2.9, None,2023-11-20 10:30:00, None, None,47
2.7, None,2023-11-20 10:45:00, None, None,47
3.1, None,2023-11-20 11:00:00, None, None,47
3.1, None,2023-11-20 11:15:00, None, None,47
3.3, None,2023-11-20 11:30:00, None, None,47
3.6, None,2023-11-20 11:45:00, None, None,47
3.7, None,2023-11-20 12:00:00, None, None,47
3.9, None,2023-11-20 12:15:00, None, None,47
4.1, None,2023-11-20 12:30:00, None, None,47
4.2, None,2023-11-20 12:45:00, None, None,47
3.9, None,2023-11-20 13:00:00, None, None,47
4.2, None,2023-11-20 13:15:00, None, None,47
4.4, None,2023-11-20 13:30:00, None, None,47
4.3, None,2023-11-20 13:45:00, None, None,47
4.3, None,2023-11-20 14:00:00, None, None,47
4.4, None,2023-11-20 14:15:00, None, None,47
4.5, None,2023-11-20 14:30:00, None, None,47
4.2, None,2023-11-20 14:45:00, None, None,47
4.4, None,2023-11-20 15:00:00, None, None,47
4.3, None,2023-11-20 15:15:00, None, None,47
4.0, None,2023-11-20 15:30:00, None, None,47
4.0, None,2023-11-20 15:45:00, None, None,47
3.9, None,2023-11-20 16:00:00, None, None,47
3.5, None,2023-11-20 16:15:00, None, None,47
3.1, None,2023-11-20 16:30:00, None, None,47
3.0, None,2023-11-20 16:45:00, None, None,47
2.7, None,2023-11-20 17:00:00, None, None,47
2.5, None,2023-11-20 17:15:00, None, None,47
2.2, None,2023-11-20 17:30:00, None, None,47
2.0, None,2023-11-20 17:45:00, None, None,47
1.8, None,2023-11-20 18:00:00, None, None,47
1.7, None,2023-11-20 18:15:00, None, None,47
1.6, None,2023-11-20 18:30:00, None, None,47
1.4, None,2023-11-20 18:45:00, None, None,47
1.4, None,2023-11-20 19:00:00, None, None,47
1.3, None,2023-11-20 19:15:00, None, None,47
1.3, None,2023-11-20 19:30:00, None, None,47
1.1, None,2023-11-20 19:45:00, None, None,47
1.2, None,2023-11-20 20:00:00, None, None,47
0.8, None,2023-11-20 20:15:00, None, None,47
0.8, None,2023-11-20 20:30:00, None, None,47
0.9, None,2023-11-20 20:45:00, None, None,47
1.0, None,2023-11-20 21:00:00, None, None,47
1.1, None,2023-11-20 21:15:00, None, None,47
1.2, None,2023-11-20 21:30:00, None, None,47
1.4, None,2023-11-20 21:45:00, None, None,47
1.6, None,2023-11-20 22:00:00, None, None,47
1.8, None,2023-11-20 22:15:00, None, None,47
2.7, None,2023-11-20 22:30:00, None, None,47
3.6, None,2023-11-20 22:45:00, None, None,47
3.1, None,2023-11-20 23:00:00, None, None,47
2.8, None,2023-11-20 23:15:00, None, None,47
2.5, None,2023-11-20 23:30:00, None, None,47
2.3, None,2023-11-20 23:45:00, None, None,47
2.4, 12.7,2023-11-21 00:00:00, -0.8, 2.4,47
2.4, None,2023-11-21 00:15:00, None, None,47
2.4, None,2023-11-21 00:30:00, None, None,47
2.0, None,2023-11-21 00:45:00, None, None,47
1.9, None,2023-11-21 01:00:00, None, None,47
1.6, None,2023-11-21 01:15:00, None, None,47
1.1, None,2023-11-21 01:30:00, None, None,47
1.0, None,2023-11-21 01:45:00, None, None,47
0.9, None,2023-11-21 02:00:00, None, None,47
0.7, None,2023-11-21 02:15:00, None, None,47
0.8, None,2023-11-21 02:30:00, None, None,47
0.8, None,2023-11-21 02:45:00, None, None,47
0.8, None,2023-11-21 03:00:00, None, None,47
0.6, None,2023-11-21 03:15:00, None, None,47
0.8, None,2023-11-21 03:30:00, None, None,47
0.5, None,2023-11-21 03:45:00, None, None,47
0.4, None,2023-11-21 04:00:00, None, None,47
0.3, None,2023-11-21 04:15:00, None, None,47
0.4, None,2023-11-21 04:30:00, None, None,47
0.3, None,2023-11-21 04:45:00, None, None,47
0.2, None,2023-11-21 05:00:00, None, None,47
0.1, None,2023-11-21 05:15:00, None, None,47
-0.3, None,2023-11-21 05:30:00, None, None,47
-0.5, None,2023-11-21 05:45:00, None, None,47
-0.5, None,2023-11-21 06:00:00, None, None,47
-0.7, None,2023-11-21 06:15:00, None, None,47
-0.6, None,2023-11-21 06:30:00, None, None,47
-0.4, None,2023-11-21 06:45:00, None, None,47
-0.6, None,2023-11-21 07:00:00, None, None,47
-0.7, None,2023-11-21 07:15:00, None, None,47
-0.8, None,2023-11-21 07:30:00, None, None,47
-0.7, None,2023-11-21 07:45:00, None, None,47
-0.6, None,2023-11-21 08:00:00, None, None,47
-0.6, None,2023-11-21 08:15:00, None, None,47
-0.2, None,2023-11-21 08:30:00, None, None,47
-0.1, None,2023-11-21 08:45:00, None, None,47
-0.1, None,2023-11-21 09:00:00, None, None,47
-0.3, None,2023-11-21 09:15:00, None, None,47
-0.2, None,2023-11-21 09:30:00, None, None,47
-0.1, None,2023-11-21 09:45:00, None, None,47
0.1, None,2023-11-21 10:00:00, None, None,47
0.9, None,2023-11-21 10:15:00, None, None,47
1.5, None,2023-11-21 10:30:00, None, None,47
1.7, None,2023-11-21 10:45:00, None, None,47
2.2, None,2023-11-21 11:00:00, None, None,47
2.9, None,2023-11-21 11:15:00, None, None,47
3.1, None,2023-11-21 11:30:00, None, None,47
3.9, None,2023-11-21 11:45:00, None, None,47
4.6, None,2023-11-21 12:00:00, None, None,47
5.6, None,2023-11-21 12:15:00, None, None,47
6.7, None,2023-11-21 12:30:00, None, None,47
6.3, None,2023-11-21 12:45:00, None, None,47
6.7, None,2023-11-21 13:00:00, None, None,47
7.0, None,2023-11-21 13:15:00, None, None,47
7.1, None,2023-11-21 13:30:00, None, None,47
7.1, None,2023-11-21 13:45:00, None, None,47
7.6, None,2023-11-21 14:00:00, None, None,47
7.8, None,2023-11-21 14:15:00, None, None,47
7.8, None,2023-11-21 14:30:00, None, None,47
7.6, None,2023-11-21 14:45:00, None, None,47
6.8, None,2023-11-21 15:00:00, None, None,47
6.4, None,2023-11-21 15:15:00, None, None,47
6.1, None,2023-11-21 15:30:00, None, None,47
6.0, None,2023-11-21 15:45:00, None, None,47
5.8, None,2023-11-21 16:00:00, None, None,47
5.7, None,2023-11-21 16:15:00, None, None,47
5.5, None,2023-11-21 16:30:00, None, None,47
5.4, None,2023-11-21 16:45:00, None, None,47
5.2, None,2023-11-21 17:00:00, None, None,47
5.2, None,2023-11-21 17:15:00, None, None,47
5.1, None,2023-11-21 17:30:00, None, None,47
5.2, None,2023-11-21 17:45:00, None, None,47
5.1, None,2023-11-21 18:00:00, None, None,47
5.1, None,2023-11-21 18:15:00, None, None,47
5.1, None,2023-11-21 18:30:00, None, None,47
5.1, None,2023-11-21 18:45:00, None, None,47
5.1, None,2023-11-21 19:00:00, None, None,47
5.1, None,2023-11-21 19:15:00, None, None,47
5.1, None,2023-11-21 19:30:00, None, None,47
5.2, None,2023-11-21 19:45:00, None, None,47
5.2, None,2023-11-21 20:00:00, None, None,47
5.1, None,2023-11-21 20:15:00, None, None,47
5.2, None,2023-11-21 20:30:00, None, None,47
5.3, None,2023-11-21 20:45:00, None, None,47
5.3, None,2023-11-21 21:00:00, None, None,47
5.5, None,2023-11-21 21:15:00, None, None,47
5.5, None,2023-11-21 21:30:00, None, None,47
5.6, None,2023-11-21 21:45:00, None, None,47
5.7, None,2023-11-21 22:00:00, None, None,47
5.7, None,2023-11-21 22:15:00, None, None,47
5.6, None,2023-11-21 22:30:00, None, None,47
5.4, None,2023-11-21 22:45:00, None, None,47
5.4, None,2023-11-21 23:00:00, None, None,47
5.4, None,2023-11-21 23:15:00, None, None,47
5.5, None,2023-11-21 23:30:00, None, None,47
5.5, None,2023-11-21 23:45:00, None, None,47
5.4, 1.2,2023-11-22 00:00:00, 0.4, 5.9,47
5.4, None,2023-11-22 00:15:00, None, None,47
5.4, None,2023-11-22 00:30:00, None, None,47
5.4, None,2023-11-22 00:45:00, None, None,47
5.4, None,2023-11-22 01:00:00, None, None,47
5.4, None,2023-11-22 01:15:00, None, None,47
5.4, None,2023-11-22 01:30:00, None, None,47
5.4, None,2023-11-22 01:45:00, None, None,47
5.3, None,2023-11-22 02:00:00, None, None,47
5.3, None,2023-11-22 02:15:00, None, None,47
5.3, None,2023-11-22 02:30:00, None, None,47
5.3, None,2023-11-22 02:45:00, None, None,47
5.2, None,2023-11-22 03:00:00, None, None,47
5.2, None,2023-11-22 03:15:00, None, None,47
5.1, None,2023-11-22 03:30:00, None, None,47
5.0, None,2023-11-22 03:45:00, None, None,47
4.8, None,2023-11-22 04:00:00, None, None,47
4.5, None,2023-11-22 04:15:00, None, None,47
4.1, None,2023-11-22 04:30:00, None, None,47
3.8, None,2023-11-22 04:45:00, None, None,47
3.4, None,2023-11-22 05:00:00, None, None,47
3.0, None,2023-11-22 05:15:00, None, None,47
2.6, None,2023-11-22 05:30:00, None, None,47
2.5, None,2023-11-22 05:45:00, None, None,47
2.3, None,2023-11-22 06:00:00, None, None,47
2.5, None,2023-11-22 06:15:00, None, None,47
2.4, None,2023-11-22 06:30:00, None, None,47
2.3, None,2023-11-22 06:45:00, None, None,47
2.4, None,2023-11-22 07:00:00, None, None,47
2.3, None,2023-11-22 07:15:00, None, None,47
2.3, None,2023-11-22 07:30:00, None, None,47
2.0, None,2023-11-22 07:45:00, None, None,47
1.9, None,2023-11-22 08:00:00, None, None,47
2.1, None,2023-11-22 08:15:00, None, None,47
1.9, None,2023-11-22 08:30:00, None, None,47
1.9, None,2023-11-22 08:45:00, None, None,47
1.9, None,2023-11-22 09:00:00, None, None,47
2.2, None,2023-11-22 09:15:00, None, None,47
2.1, None,2023-11-22 09:30:00, None, None,47
2.1, None,2023-11-22 09:45:00, None, None,47
2.0, None,2023-11-22 10:00:00, None, None,47
2.5, None,2023-11-22 10:15:00, None, None,47
2.5, None,2023-11-22 10:30:00, None, None,47
2.7, None,2023-11-22 10:45:00, None, None,47
2.8, None,2023-11-22 11:00:00, None, None,47
3.2, None,2023-11-22 11:15:00, None, None,47
3.3, None,2023-11-22 11:30:00, None, None,47
3.3, None,2023-11-22 11:45:00, None, None,47
3.4, None,2023-11-22 12:00:00, None, None,47
4.1, None,2023-11-22 12:15:00, None, None,47
4.8, None,2023-11-22 12:30:00, None, None,47
5.2, None,2023-11-22 12:45:00, None, None,47
5.6, None,2023-11-22 13:00:00, None, None,47
5.9, None,2023-11-22 13:15:00, None, None,47
5.7, None,2023-11-22 13:30:00, None, None,47
5.6, None,2023-11-22 13:45:00, None, None,47
5.6, None,2023-11-22 14:00:00, None, None,47
5.7, None,2023-11-22 14:15:00, None, None,47
5.7, None,2023-11-22 14:30:00, None, None,47
5.6, None,2023-11-22 14:45:00, None, None,47
5.6, None,2023-11-22 15:00:00, None, None,47
5.5, None,2023-11-22 15:15:00, None, None,47
5.3, None,2023-11-22 15:30:00, None, None,47
5.5, None,2023-11-22 15:45:00, None, None,47
5.4, None,2023-11-22 16:00:00, None, None,47
5.2, None,2023-11-22 16:15:00, None, None,47
4.9, None,2023-11-22 16:30:00, None, None,47
4.8, None,2023-11-22 16:45:00, None, None,47
4.7, None,2023-11-22 17:00:00, None, None,47
4.7, None,2023-11-22 17:15:00, None, None,47
4.6, None,2023-11-22 17:30:00, None, None,47
4.4, None,2023-11-22 17:45:00, None, None,47
4.1, None,2023-11-22 18:00:00, None, None,47
3.6, None,2023-11-22 18:15:00, None, None,47
3.4, None,2023-11-22 18:30:00, None, None,47
3.2, None,2023-11-22 18:45:00, None, None,47
2.8, None,2023-11-22 19:00:00, None, None,47
2.3, None,2023-11-22 19:15:00, None, None,47
1.9, None,2023-11-22 19:30:00, None, None,47
1.7, None,2023-11-22 19:45:00, None, None,47
1.4, None,2023-11-22 20:00:00, None, None,47
1.3, None,2023-11-22 20:15:00, None, None,47
1.2, None,2023-11-22 20:30:00, None, None,47
0.9, None,2023-11-22 20:45:00, None, None,47
0.8, None,2023-11-22 21:00:00, None, None,47
0.8, None,2023-11-22 21:15:00, None, None,47
1.0, None,2023-11-22 21:30:00, None, None,47
1.0, None,2023-11-22 21:45:00, None, None,47
1.0, None,2023-11-22 22:00:00, None, None,47
1.1, None,2023-11-22 22:15:00, None, None,47
1.1, None,2023-11-22 22:30:00, None, None,47
1.1, None,2023-11-22 22:45:00, None, None,47
0.9, None,2023-11-22 23:00:00, None, None,47
0.4, None,2023-11-22 23:15:00, None, None,47
0.4, None,2023-11-22 23:30:00, None, None,47
0.4, None,2023-11-22 23:45:00, None, None,47
0.1, 0.3,2023-11-23 00:00:00, -2.6, 4.2,47
0.0, None,2023-11-23 00:15:00, None, None,47
-0.2, None,2023-11-23 00:30:00, None, None,47
-0.6, None,2023-11-23 00:45:00, None, None,47
-0.8, None,2023-11-23 01:00:00, None, None,47
-0.5, None,2023-11-23 01:15:00, None, None,47
-0.6, None,2023-11-23 01:30:00, None, None,47
-0.6, None,2023-11-23 01:45:00, None, None,47
-0.6, None,2023-11-23 02:00:00, None, None,47
-0.7, None,2023-11-23 02:15:00, None, None,47
-0.8, None,2023-11-23 02:30:00, None, None,47
-0.9, None,2023-11-23 02:45:00, None, None,47
-1.2, None,2023-11-23 03:00:00, None, None,47
-1.2, None,2023-11-23 03:15:00, None, None,47
-1.3, None,2023-11-23 03:30:00, None, None,47
-1.3, None,2023-11-23 03:45:00, None, None,47
-1.3, None,2023-11-23 04:00:00, None, None,47
-1.3, None,2023-11-23 04:15:00, None, None,47
-1.3, None,2023-11-23 04:30:00, None, None,47
-1.3, None,2023-11-23 04:45:00, None, None,47
-1.4, None,2023-11-23 05:00:00, None, None,47
-1.4, None,2023-11-23 05:15:00, None, None,47
-1.5, None,2023-11-23 05:30:00, None, None,47
-1.5, None,2023-11-23 05:45:00, None, None,47
-1.5, None,2023-11-23 06:00:00, None, None,47
-1.5, None,2023-11-23 06:15:00, None, None,47
-1.6, None,2023-11-23 06:30:00, None, None,47
-1.7, None,2023-11-23 06:45:00, None, None,47
-1.5, None,2023-11-23 07:00:00, None, None,47
-1.4, None,2023-11-23 07:15:00, None, None,47
-1.5, None,2023-11-23 07:30:00, None, None,47
-1.6, None,2023-11-23 07:45:00, None, None,47
-1.6, None,2023-11-23 08:00:00, None, None,47
-1.6, None,2023-11-23 08:15:00, None, None,47
-1.6, None,2023-11-23 08:30:00, None, None,47
-1.6, None,2023-11-23 08:45:00, None, None,47
-1.4, None,2023-11-23 09:00:00, None, None,47
-1.4, None,2023-11-23 09:15:00, None, None,47
-1.2, None,2023-11-23 09:30:00, None, None,47
-1.0, None,2023-11-23 09:45:00, None, None,47
-0.8, None,2023-11-23 10:00:00, None, None,47
0.0, None,2023-11-23 10:15:00, None, None,47
0.2, None,2023-11-23 10:30:00, None, None,47
0.8, None,2023-11-23 10:45:00, None, None,47
2.0, None,2023-11-23 11:00:00, None, None,47
2.6, None,2023-11-23 11:15:00, None, None,47
2.6, None,2023-11-23 11:30:00, None, None,47
3.2, None,2023-11-23 11:45:00, None, None,47
2.9, None,2023-11-23 12:00:00, None, None,47
2.5, None,2023-11-23 12:15:00, None, None,47
3.3, None,2023-11-23 12:30:00, None, None,47
4.0, None,2023-11-23 12:45:00, None, None,47
4.0, None,2023-11-23 13:00:00, None, None,47
3.6, None,2023-11-23 13:15:00, None, None,47
3.6, None,2023-11-23 13:30:00, None, None,47
3.8, None,2023-11-23 13:45:00, None, None,47
3.3, None,2023-11-23 14:00:00, None, None,47
3.4, None,2023-11-23 14:15:00, None, None,47
3.5, None,2023-11-23 14:30:00, None, None,47
4.2, None,2023-11-23 14:45:00, None, None,47
3.9, None,2023-11-23 15:00:00, None, None,47
4.0, None,2023-11-23 15:15:00, None, None,47
4.2, None,2023-11-23 15:30:00, None, None,47
3.4, None,2023-11-23 15:45:00, None, None,47
2.3, None,2023-11-23 16:00:00, None, None,47
1.9, None,2023-11-23 16:15:00, None, None,47
1.6, None,2023-11-23 16:30:00, None, None,47
0.8, None,2023-11-23 16:45:00, None, None,47
0.1, None,2023-11-23 17:00:00, None, None,47
0.1, None,2023-11-23 17:15:00, None, None,47
-0.2, None,2023-11-23 17:30:00, None, None,47
-0.5, None,2023-11-23 17:45:00, None, None,47
-0.6, None,2023-11-23 18:00:00, None, None,47
-0.9, None,2023-11-23 18:15:00, None, None,47
-1.3, None,2023-11-23 18:30:00, None, None,47
-1.5, None,2023-11-23 18:45:00, None, None,47
-1.7, None,2023-11-23 19:00:00, None, None,47
-1.8, None,2023-11-23 19:15:00, None, None,47
-1.8, None,2023-11-23 19:30:00, None, None,47
-1.8, None,2023-11-23 19:45:00, None, None,47
-1.8, None,2023-11-23 20:00:00, None, None,47
-1.8, None,2023-11-23 20:15:00, None, None,47
-2.0, None,2023-11-23 20:30:00, None, None,47
-2.1, None,2023-11-23 20:45:00, None, None,47
-2.0, None,2023-11-23 21:00:00, None, None,47
-2.0, None,2023-11-23 21:15:00, None, None,47
-2.1, None,2023-11-23 21:30:00, None, None,47
-2.0, None,2023-11-23 21:45:00, None, None,47
-2.1, None,2023-11-23 22:00:00, None, None,47
-2.1, None,2023-11-23 22:15:00, None, None,47
-2.2, None,2023-11-23 22:30:00, None, None,47
-2.3, None,2023-11-23 22:45:00, None, None,47
-2.4, None,2023-11-23 23:00:00, None, None,47
-2.6, None,2023-11-23 23:15:00, None, None,47
-2.6, None,2023-11-23 23:30:00, None, None,47
-2.4, None,2023-11-23 23:45:00, None, None,47
-2.3, 0.1,2023-11-24 00:00:00, -4.0, 2.3,47
-2.3, None,2023-11-24 00:15:00, None, None,47
-2.4, None,2023-11-24 00:30:00, None, None,47
-2.5, None,2023-11-24 00:45:00, None, None,47
-2.5, None,2023-11-24 01:00:00, None, None,47
-2.6, None,2023-11-24 01:15:00, None, None,47
-2.7, None,2023-11-24 01:30:00, None, None,47
-2.7, None,2023-11-24 01:45:00, None, None,47
-2.9, None,2023-11-24 02:00:00, None, None,47
-2.9, None,2023-11-24 02:15:00, None, None,47
-3.0, None,2023-11-24 02:30:00, None, None,47
-3.0, None,2023-11-24 02:45:00, None, None,47
-3.0, None,2023-11-24 03:00:00, None, None,47
-3.1, None,2023-11-24 03:15:00, None, None,47
-3.2, None,2023-11-24 03:30:00, None, None,47
-3.3, None,2023-11-24 03:45:00, None, None,47
-3.3, None,2023-11-24 04:00:00, None, None,47
-3.2, None,2023-11-24 04:15:00, None, None,47
-3.3, None,2023-11-24 04:30:00, None, None,47
-3.3, None,2023-11-24 04:45:00, None, None,47
-3.5, None,2023-11-24 05:00:00, None, None,47
-3.5, None,2023-11-24 05:15:00, None, None,47
-3.4, None,2023-11-24 05:30:00, None, None,47
-3.5, None,2023-11-24 05:45:00, None, None,47
-3.7, None,2023-11-24 06:00:00, None, None,47
-3.6, None,2023-11-24 06:15:00, None, None,47
-3.8, None,2023-11-24 06:30:00, None, None,47
-3.7, None,2023-11-24 06:45:00, None, None,47
-3.5, None,2023-11-24 07:00:00, None, None,47
-3.7, None,2023-11-24 07:15:00, None, None,47
-3.8, None,2023-11-24 07:30:00, None, None,47
-3.7, None,2023-11-24 07:45:00, None, None,47
-3.7, None,2023-11-24 08:00:00, None, None,47
-4.0, None,2023-11-24 08:15:00, None, None,47
-3.9, None,2023-11-24 08:30:00, None, None,47
-3.8, None,2023-11-24 08:45:00, None, None,47
-3.7, None,2023-11-24 09:00:00, None, None,47
-3.6, None,2023-11-24 09:15:00, None, None,47
-3.3, None,2023-11-24 09:30:00, None, None,47
-3.0, None,2023-11-24 09:45:00, None, None,47
-2.6, None,2023-11-24 10:00:00, None, None,47
-2.3, None,2023-11-24 10:15:00, None, None,47
-1.8, None,2023-11-24 10:30:00, None, None,47
-1.8, None,2023-11-24 10:45:00, None, None,47
-1.6, None,2023-11-24 11:00:00, None, None,47
-1.2, None,2023-11-24 11:15:00, None, None,47
-0.6, None,2023-11-24 11:30:00, None, None,47
0.0, None,2023-11-24 11:45:00, None, None,47
0.2, None,2023-11-24 12:00:00, None, None,47
0.4, None,2023-11-24 12:15:00, None, None,47
0.7, None,2023-11-24 12:30:00, None, None,47
1.0, None,2023-11-24 12:45:00, None, None,47
1.1, None,2023-11-24 13:00:00, None, None,47
1.3, None,2023-11-24 13:15:00, None, None,47
1.5, None,2023-11-24 13:30:00, None, None,47
1.8, None,2023-11-24 13:45:00, None, None,47
2.0, None,2023-11-24 14:00:00, None, None,47
2.1, None,2023-11-24 14:15:00, None, None,47
2.2, None,2023-11-24 14:30:00, None, None,47
2.3, None,2023-11-24 14:45:00, None, None,47
2.1, None,2023-11-24 15:00:00, None, None,47
1.6, None,2023-11-24 15:15:00, None, None,47
1.5, None,2023-11-24 15:30:00, None, None,47
0.9, None,2023-11-24 15:45:00, None, None,47
0.7, None,2023-11-24 16:00:00, None, None,47
0.4, None,2023-11-24 16:15:00, None, None,47
0.0, None,2023-11-24 16:30:00, None, None,47
-0.2, None,2023-11-24 16:45:00, None, None,47
-0.6, None,2023-11-24 17:00:00, None, None,47
-0.7, None,2023-11-24 17:15:00, None, None,47
-0.5, None,2023-11-24 17:30:00, None, None,47
-0.8, None,2023-11-24 17:45:00, None, None,47
-1.0, None,2023-11-24 18:00:00, None, None,47
-1.1, None,2023-11-24 18:15:00, None, None,47
-0.9, None,2023-11-24 18:30:00, None, None,47
-1.0, None,2023-11-24 18:45:00, None, None,47
-1.1, None,2023-11-24 19:00:00, None, None,47
-1.3, None,2023-11-24 19:15:00, None, None,47
-1.6, None,2023-11-24 19:30:00, None, None,47
-1.7, None,2023-11-24 19:45:00, None, None,47
-1.6, None,2023-11-24 20:00:00, None, None,47
-1.4, None,2023-11-24 20:15:00, None, None,47
-1.5, None,2023-11-24 20:30:00, None, None,47
-1.9, None,2023-11-24 20:45:00, None, None,47
-1.9, None,2023-11-24 21:00:00, None, None,47
-1.8, None,2023-11-24 21:15:00, None, None,47
-1.9, None,2023-11-24 21:30:00, None, None,47
-2.0, None,2023-11-24 21:45:00, None, None,47
-2.2, None,2023-11-24 22:00:00, None, None,47
-2.2, None,2023-11-24 22:15:00, None, None,47
-2.1, None,2023-11-24 22:30:00, None, None,47
-2.2, None,2023-11-24 22:45:00, None, None,47
-2.3, None,2023-11-24 23:00:00, None, None,47
-2.3, None,2023-11-24 23:15:00, None, None,47
-2.1, None,2023-11-24 23:30:00, None, None,47
-2.3, None,2023-11-24 23:45:00, None, None,47
-2.3, 0.3,2023-11-25 00:00:00, -3.7, 2.9,47
-2.4, None,2023-11-25 00:15:00, None, None,47
-2.4, None,2023-11-25 00:30:00, None, None,47
-2.5, None,2023-11-25 00:45:00, None, None,47
-2.6, None,2023-11-25 01:00:00, None, None,47
-2.7, None,2023-11-25 01:15:00, None, None,47
-2.8, None,2023-11-25 01:30:00, None, None,47
-2.8, None,2023-11-25 01:45:00, None, None,47
-2.9, None,2023-11-25 02:00:00, None, None,47
-3.0, None,2023-11-25 02:15:00, None, None,47
-2.8, None,2023-11-25 02:30:00, None, None,47
-2.8, None,2023-11-25 02:45:00, None, None,47
-2.7, None,2023-11-25 03:00:00, None, None,47
-2.9, None,2023-11-25 03:15:00, None, None,47
-3.0, None,2023-11-25 03:30:00, None, None,47
-2.9, None,2023-11-25 03:45:00, None, None,47
-3.0, None,2023-11-25 04:00:00, None, None,47
-3.0, None,2023-11-25 04:15:00, None, None,47
-3.0, None,2023-11-25 04:30:00, None, None,47
-3.1, None,2023-11-25 04:45:00, None, None,47
-3.0, None,2023-11-25 05:00:00, None, None,47
-3.0, None,2023-11-25 05:15:00, None, None,47
-3.1, None,2023-11-25 05:30:00, None, None,47
-3.3, None,2023-11-25 05:45:00, None, None,47
-3.4, None,2023-11-25 06:00:00, None, None,47
-3.4, None,2023-11-25 06:15:00, None, None,47
-3.3, None,2023-11-25 06:30:00, None, None,47
-3.4, None,2023-11-25 06:45:00, None, None,47
-3.5, None,2023-11-25 07:00:00, None, None,47
-3.7, None,2023-11-25 07:15:00, None, None,47
-3.7, None,2023-11-25 07:30:00, None, None,47
-3.4, None,2023-11-25 07:45:00, None, None,47
-3.5, None,2023-11-25 08:00:00, None, None,47
-3.3, None,2023-11-25 08:15:00, None, None,47
-3.2, None,2023-11-25 08:30:00, None, None,47
-3.4, None,2023-11-25 08:45:00, None, None,47
-3.0, None,2023-11-25 09:00:00, None, None,47
-2.8, None,2023-11-25 09:15:00, None, None,47
-2.6, None,2023-11-25 09:30:00, None, None,47
-2.6, None,2023-11-25 09:45:00, None, None,47
-2.4, None,2023-11-25 10:00:00, None, None,47
-2.1, None,2023-11-25 10:15:00, None, None,47
-1.5, None,2023-11-25 10:30:00, None, None,47
-1.1, None,2023-11-25 10:45:00, None, None,47
-0.4, None,2023-11-25 11:00:00, None, None,47
0.0, None,2023-11-25 11:15:00, None, None,47
0.3, None,2023-11-25 11:30:00, None, None,47
0.6, None,2023-11-25 11:45:00, None, None,47
1.2, None,2023-11-25 12:00:00, None, None,47
1.1, None,2023-11-25 12:15:00, None, None,47
1.2, None,2023-11-25 12:30:00, None, None,47
1.4, None,2023-11-25 12:45:00, None, None,47
1.8, None,2023-11-25 13:00:00, None, None,47
1.8, None,2023-11-25 13:15:00, None, None,47
1.9, None,2023-11-25 13:30:00, None, None,47
2.6, None,2023-11-25 13:45:00, None, None,47
2.5, None,2023-11-25 14:00:00, None, None,47
2.9, None,2023-11-25 14:15:00, None, None,47
2.6, None,2023-11-25 14:30:00, None, None,47
2.8, None,2023-11-25 14:45:00, None, None,47
2.5, None,2023-11-25 15:00:00, None, None,47
2.4, None,2023-11-25 15:15:00, None, None,47
2.0, None,2023-11-25 15:30:00, None, None,47
2.2, None,2023-11-25 15:45:00, None, None,47
2.5, None,2023-11-25 16:00:00, None, None,47
1.8, None,2023-11-25 16:15:00, None, None,47
1.6, None,2023-11-25 16:30:00, None, None,47
1.2, None,2023-11-25 16:45:00, None, None,47
0.9, None,2023-11-25 17:00:00, None, None,47
0.7, None,2023-11-25 17:15:00, None, None,47
0.5, None,2023-11-25 17:30:00, None, None,47
0.4, None,2023-11-25 17:45:00, None, None,47
0.0, None,2023-11-25 18:00:00, None, None,47
-0.4, None,2023-11-25 18:15:00, None, None,47
-0.7, None,2023-11-25 18:30:00, None, None,47
-0.8, None,2023-11-25 18:45:00, None, None,47
-0.7, None,2023-11-25 19:00:00, None, None,47
-0.8, None,2023-11-25 19:15:00, None, None,47
-1.0, None,2023-11-25 19:30:00, None, None,47
-1.2, None,2023-11-25 19:45:00, None, None,47
-1.3, None,2023-11-25 20:00:00, None, None,47
-1.3, None,2023-11-25 20:15:00, None, None,47
-1.2, None,2023-11-25 20:30:00, None, None,47
-1.2, None,2023-11-25 20:45:00, None, None,47
-1.2, None,2023-11-25 21:00:00, None, None,47
-1.4, None,2023-11-25 21:15:00, None, None,47
-1.6, None,2023-11-25 21:30:00, None, None,47
-1.6, None,2023-11-25 21:45:00, None, None,47
-1.8, None,2023-11-25 22:00:00, None, None,47
-1.9, None,2023-11-25 22:15:00, None, None,47
-1.7, None,2023-11-25 22:30:00, None, None,47
-1.6, None,2023-11-25 22:45:00, None, None,47
-1.9, None,2023-11-25 23:00:00, None, None,47
-1.7, None,2023-11-25 23:15:00, None, None,47
-1.9, None,2023-11-25 23:30:00, None, None,47
-2.0, None,2023-11-25 23:45:00, None, None,47
